date,hourly_wage,cash_tips,credit_tips,hours_worked,wage_pay,total_income,position,location
2021-02-06,8.65,145.00,19.93,6.80,38.23,188.46,Barback,Daisy's
2021-02-19,8.65,135.00,41.34,6.80,38.23,199.87,Barback,Daisy's
2021-02-21,8.65,93.00,23.60,5.00,28.11,133.90,Barback,Daisy's
2021-02-26,8.65,187.00,26.41,7.00,39.36,237.63,Barback,Daisy's
2021-02-28,8.65,92.00,26.21,6.80,38.23,141.74,Barback,Daisy's
2021-03-05,8.65,156.00,53.00,6.70,37.67,232.18,Barback,Daisy's
2021-03-06,8.65,279.00,59.45,9.00,50.60,369.59,Barback,Daisy's
2021-03-07,8.65,167.00,38.00,8.50,47.79,234.41,Barback,Daisy's
2021-03-13,8.65,65.00,17.05,5.10,28.67,99.70,Barback,Daisy's
2021-03-14,8.65,65.00,21.00,5.10,28.67,103.65,Barback,Daisy's
2021-03-19,8.65,166.00,49.27,6.60,37.11,238.11,Barback,Daisy's
2021-03-21,8.65,66.00,18.96,5.80,32.61,105.03,Barback,Daisy's
2021-03-26,8.65,66.00,20.00,4.40,24.74,101.22,Barback,Daisy's
2021-03-28,8.65,97.00,27.00,6.00,33.74,144.76,Barback,Daisy's
2021-04-02,8.65,138.00,30.00,8.60,48.35,197.76,Barback,Daisy's
2021-04-03,8.65,76.00,26.00,4.50,25.30,117.57,Barback,Daisy's
2021-04-09,8.65,92.00,13.00,4.70,26.43,121.26,Barback,Daisy's
2021-04-10,8.65,95.00,15.00,5.40,30.36,128.68,Barback,Daisy's
2021-04-11,8.65,63.00,18.85,5.50,30.92,100.88,Barback,Daisy's
2021-04-16,8.65,71.00,22.00,4.40,24.74,108.22,Barback,Daisy's
2021-04-17,8.65,221.00,43.61,9.30,52.29,296.79,Barback,Daisy's
2021-04-18,8.65,71.00,99.48,6.00,33.74,191.24,Barback,Daisy's
2021-04-23,9.35,120.00,35.00,8.00,48.62,184.92,Barback,Daisy's
2021-04-25,9.35,56.00,33.60,6.40,38.90,113.54,Barback,Daisy's
2021-04-30,9.35,108.00,17.50,7.70,46.80,154.30,Barback,Daisy's
2021-05-01,9.35,113.00,24.70,6.00,36.47,160.14,Barback,Daisy's
2021-05-02,9.35,52.00,27.51,6.70,40.72,104.57,Barback,Daisy's
2021-05-08,9.35,110.00,2.60,6.00,36.47,135.04,Barback,Daisy's
2021-05-09,9.35,65.00,11.00,4.00,24.31,90.96,Barback,Daisy's
2021-05-14,9.35,76.00,33.00,5.80,35.25,130.69,Barback,Daisy's
2021-05-15,9.35,129.00,16.15,5.40,32.82,165.35,Barback,Daisy's
2021-05-16,9.35,57.00,30.00,8.30,50.44,118.04,Barback,Daisy's
2021-05-22,9.35,137.00,56.00,9.60,58.34,228.90,Barback,Daisy's
2021-05-23,9.35,58.00,29.00,6.30,38.29,110.56,Barback,Daisy's
2021-05-27,9.35,147.00,84.00,6.60,40.11,255.68,Barback,Daisy's
2021-05-29,9.35,139.00,100.00,8.00,48.62,268.92,Barback,Daisy's
2021-06-04,9.35,142.00,73.00,9.00,54.70,248.66,Barback,Daisy's
2021-06-05,9.35,171.00,155.00,12.60,76.58,373.12,Barback,Daisy's
2021-06-11,9.35,138.00,103.00,9.70,58.95,277.28,Barback,Daisy's
2021-06-12,9.35,139.00,126.00,9.60,58.34,300.90,Barback,Daisy's
2021-06-13,9.35,46.00,10.70,5.70,34.64,78.02,Barback,Daisy's
2021-06-14,9.35,108.00,0.00,7.50,36.47,144.47,Barback,Dublin
2021-06-19,9.35,139.00,103.00,9.80,59.56,278.65,Barback,Daisy's
2021-06-22,9.35,201.00,0.00,6.00,29.17,230.17,Barback,Dublin
2021-06-26,9.35,198.00,114.00,12.80,77.79,359.87,Barback,Daisy's
2021-06-27,9.35,186.00,0.00,9.50,46.19,232.19,Barback,Dublin
2021-06-29,9.35,163.00,0.00,7.50,36.47,199.47,Barback,Dublin
2021-06-30,9.35,160.00,0.00,7.50,36.47,196.47,Barback,Dublin
2021-07-04,9.35,400.00,0.00,11.50,55.91,455.91,Barback,Dublin
2021-07-05,9.35,496.00,0.00,10.00,48.62,544.62,Barback,Dublin
2021-07-11,9.35,119.00,0.00,4.50,21.88,140.88,Barback,Dublin
2021-07-13,9.35,100.00,0.00,6.40,31.12,131.12,Barback,Dublin
2021-07-17,9.35,312.00,0.00,10.00,48.62,360.62,Barback,Dublin
2021-07-19,9.35,155.00,0.00,6.50,31.60,186.60,Barback,Dublin
2021-07-24,9.35,40.00,0.00,9.00,43.76,83.76,Barback,Dublin
2021-07-25,9.35,211.00,0.00,9.50,46.19,257.19,Barback,Dublin
2021-07-26,9.35,110.00,0.00,7.00,34.03,144.03,Barback,Dublin
2021-07-27,9.35,177.00,0.00,6.80,33.06,210.06,Barback,Dublin
2021-07-30,9.35,155.00,0.00,6.50,31.60,186.60,Barback,Dublin
2021-07-31,9.35,335.00,0.00,10.50,51.05,386.05,Barback,Dublin
2021-08-03,9.35,257.00,0.00,8.50,41.33,298.33,Barback,Dublin
2021-08-06,9.35,291.00,0.00,9.00,43.76,334.76,Barback,Dublin
2021-08-07,9.35,323.00,0.00,10.00,48.62,371.62,Barback,Dublin
2021-08-14,9.35,421.00,0.00,11.00,53.48,474.48,Barback,Dublin
2021-08-16,9.35,280.00,0.00,6.90,33.55,313.55,Barback,Dublin
2021-08-17,9.35,92.00,0.00,2.80,13.61,105.61,Barback,Dublin
2021-08-20,9.35,273.00,0.00,10.00,48.62,321.62,Barback,Dublin
2021-08-21,9.35,458.00,0.00,14.70,71.47,529.47,Barback,Dublin
2021-08-27,9.35,208.00,0.00,9.00,43.76,251.76,Barback,Dublin
2021-08-28,9.35,235.00,0.00,10.50,51.05,286.05,Barback,Dublin
2021-08-29,9.35,231.00,0.00,4.00,19.45,250.45,Barback,Dublin
2021-08-30,9.35,105.00,0.00,7.30,35.49,140.49,Barback,Dublin
2021-09-03,9.35,368.00,0.00,14.50,70.50,438.50,Barback,Dublin
2021-09-04,9.35,191.00,0.00,10.00,48.62,239.62,Barback,Dublin
2021-09-05,9.35,265.00,0.00,11.80,57.37,322.37,Barback,Dublin
2021-09-06,9.35,451.00,0.00,10.00,48.62,499.62,Barback,Dublin
2021-09-11,9.35,306.00,0.00,15.00,72.93,378.93,Barback,Dublin
2021-09-12,9.35,325.00,0.00,11.00,53.48,378.48,Barback,Dublin
2021-09-17,9.35,154.00,0.00,7.50,36.47,190.47,Barback,Dublin
2021-09-18,9.35,283.00,0.00,8.50,41.33,324.33,Barback,Dublin
2021-09-19,9.35,169.00,0.00,10.00,48.62,217.62,Barback,Dublin
2021-09-25,9.35,676.00,0.00,8.80,42.79,718.79,Barback,Dublin
2021-09-26,9.35,438.00,0.00,7.50,36.47,474.47,Barback,Dublin
2021-10-02,9.35,479.00,0.00,10.50,51.05,530.05,Barback,Dublin
2021-10-03,9.35,128.00,0.00,6.00,29.17,157.17,Barback,Dublin
2021-10-09,9.35,244.00,0.00,9.00,43.76,287.76,Barback,Dublin
2021-10-16,9.35,130.00,0.00,6.80,33.06,163.06,Barback,Dublin
2021-10-17,9.35,12.00,0.00,4.00,19.45,31.45,Barback,Dublin
2021-10-23,9.35,48.00,0.00,5.50,26.74,74.74,Barback,Dublin
2021-10-30,9.35,514.00,0.00,7.00,34.03,548.03,Barback,Dublin
2021-11-24,0.00,172.00,0.00,6.50,0.00,172.00,Barback,Perabell
2022-04-30,8.45,263.00,0.00,9.80,43.06,306.06,Barback,Dublin
2022-05-01,8.45,215.00,0.00,7.50,32.96,247.96,Barback,Dublin
2022-05-05,8.45,334.00,0.00,12.20,53.61,387.61,Barback,Dublin
2022-05-11,8.45,67.00,0.00,7.00,30.76,97.76,Barback,Dublin
2022-05-12,8.45,274.00,0.00,11.70,51.41,325.41,Barback,Dublin
2022-05-14,8.45,286.00,0.00,12.30,54.05,340.05,Barback,Dublin
2022-05-19,8.45,235.00,0.00,11.80,51.85,286.85,Barback,Dublin
2022-05-20,8.45,104.00,0.00,7.50,32.96,136.96,Barback,Dublin
2022-05-22,8.45,252.00,0.00,8.30,36.47,288.47,Barback,Dublin
2022-05-27,8.45,51.00,0.00,6.10,26.80,77.80,Barback,Dublin
2022-05-28,8.45,470.00,0.00,13.00,57.12,527.12,Barback,Dublin
2022-05-29,8.45,553.00,0.00,13.00,57.12,610.12,Barback,Dublin
2022-05-30,8.45,397.00,0.00,13.60,59.76,456.76,Barback,Dublin
2022-06-02,8.45,191.00,0.00,11.50,50.53,241.53,Barback,Dublin
2022-06-03,8.45,270.00,0.00,10.80,47.46,317.46,Barback,Dublin
2022-06-05,8.45,303.00,0.00,7.80,34.27,337.27,Barback,Dublin
2022-06-09,8.45,457.00,0.00,11.50,50.53,507.53,Barback,Dublin
2022-06-10,8.45,342.00,0.00,10.80,47.46,389.46,Barback,Dublin
2022-06-11,8.45,486.00,0.00,11.50,50.53,536.53,Barback,Dublin
2022-06-16,8.45,378.00,0.00,11.50,50.53,428.53,Barback,Dublin
2022-06-17,8.45,368.00,0.00,11.50,50.53,418.53,Barback,Dublin
2022-06-18,8.45,375.00,0.00,13.50,59.32,434.32,Barback,Dublin
2022-06-19,8.45,272.00,0.00,8.50,37.35,309.35,Barback,Dublin
2022-06-23,8.45,464.00,0.00,12.80,56.24,520.24,Barback,Dublin
2022-06-24,8.45,464.00,0.00,12.90,56.68,520.68,Barback,Dublin
2022-06-25,8.45,420.00,0.00,11.80,51.85,471.85,Barback,Dublin
2022-06-30,8.45,503.00,0.00,12.30,54.05,557.05,Barback,Dublin
2022-07-02,8.45,326.00,0.00,10.50,46.14,372.14,Barback,Dublin
2022-07-03,8.45,428.00,0.00,12.50,54.93,482.93,Barback,Dublin
2022-07-04,8.45,275.00,0.00,9.50,41.74,316.74,Barback,Dublin
2022-07-06,8.45,40.00,0.00,8.00,35.15,75.15,Barback,Dublin
2022-07-07,8.45,365.00,0.00,12.30,54.05,419.05,Barback,Dublin
2022-07-09,8.45,487.00,0.00,10.50,46.14,533.14,Barback,Dublin
2022-07-13,8.45,156.00,0.00,9.50,41.74,197.74,Barback,Dublin
2022-07-14,8.45,354.00,0.00,12.30,54.05,408.05,Barback,Dublin
2022-07-16,8.45,337.00,0.00,12.50,54.93,391.93,Barback,Dublin
2022-07-21,8.45,314.00,0.00,11.80,51.85,365.85,Barback,Dublin
2022-07-22,8.45,210.00,0.00,10.00,43.94,253.94,Barback,Dublin
2022-07-28,8.45,298.00,0.00,11.80,51.85,349.85,Barback,Dublin
2022-07-29,8.45,216.00,0.00,9.80,43.06,259.06,Barback,Dublin
2022-07-30,8.45,308.00,0.00,10.80,47.46,355.46,Barback,Dublin
2022-08-04,8.45,371.00,0.00,11.50,50.53,421.53,Barback,Dublin
2022-08-05,8.45,160.00,0.00,7.00,30.76,190.76,Barback,Dublin
2022-08-06,8.45,385.00,0.00,11.80,51.85,436.85,Barback,Dublin
2022-08-07,8.45,133.00,0.00,7.70,33.83,166.83,Barback,Dublin
2022-08-11,8.45,446.00,0.00,12.70,55.80,501.80,Barback,Dublin
2022-08-12,8.45,315.00,0.00,10.00,43.94,358.94,Barback,Dublin
2022-08-13,8.45,170.00,0.00,8.00,35.15,205.15,Barback,Dublin
2022-08-17,8.45,82.00,0.00,8.00,35.15,117.15,Barback,Dublin
2022-08-18,8.45,430.00,0.00,14.00,61.52,491.52,Barback,Dublin
2022-08-20,8.45,340.00,0.00,11.00,48.33,388.33,Barback,Dublin
2022-08-24,8.45,238.00,0.00,7.20,31.64,269.64,Barback,Dublin
2022-08-25,8.45,489.00,0.00,11.00,48.33,537.33,Barback,Dublin
2022-08-26,8.45,323.00,0.00,9.80,43.06,366.06,Barback,Dublin
2022-08-27,8.45,330.00,0.00,10.60,46.58,376.58,Barback,Dublin
2022-08-28,8.45,112.00,0.00,6.50,28.56,140.56,Barback,Dublin
2022-09-01,8.45,375.00,0.00,10.60,46.58,421.58,Barback,Dublin
2022-09-02,8.45,384.00,0.00,10.50,46.14,430.14,Barback,Dublin
2022-09-04,8.45,394.00,0.00,9.80,43.06,437.06,Barback,Dublin
2022-09-05,8.45,120.00,0.00,6.80,29.88,149.88,Barback,Dublin
2022-09-09,8.45,179.00,0.00,7.50,32.96,211.96,Barback,Dublin
2022-09-11,8.45,45.00,0.00,5.00,21.97,66.97,Barback,Dublin
2022-09-15,8.45,228.00,0.00,7.00,30.76,258.76,Barback,Dublin
2022-09-17,8.45,361.00,0.00,8.30,36.47,397.47,Barback,Dublin
2022-09-18,8.45,227.00,0.00,5.00,21.97,248.97,Barback,Dublin
2022-09-24,8.45,89.00,0.00,7.50,32.96,121.96,Barback,Dublin
2022-09-29,8.45,165.00,0.00,7.50,32.96,197.96,Barback,Dublin
2022-09-30,8.45,220.00,0.00,8.60,37.79,257.79,Barback,Dublin
2022-10-07,8.45,176.00,0.00,7.60,33.39,209.39,Barback,Dublin
2022-10-08,8.45,27.00,0.00,7.50,32.96,59.96,Barback,Dublin
2022-10-14,8.45,11.00,0.00,5.50,24.17,35.17,Barback,Dublin
2022-10-29,8.45,385.00,0.00,10.50,46.14,431.14,Barback,Dublin
2023-04-29,10.00,108.00,0.00,11.50,59.80,167.80,Barback,Dublin
2023-05-04,10.00,274.00,0.00,11.50,59.80,333.80,Barback,Dublin
2023-05-05,10.00,295.00,0.00,12.30,63.96,358.96,Barback,Dublin
2023-05-06,10.00,270.00,0.00,11.00,57.20,327.20,Barback,Dublin
2023-05-11,10.00,310.00,0.00,11.50,59.80,369.80,Barback,Dublin
2023-05-12,10.00,216.00,0.00,7.50,39.00,255.00,Barback,Dublin
2023-05-13,10.00,457.00,0.00,13.00,67.60,524.60,Barback,Dublin
2023-05-14,10.00,162.00,0.00,8.70,45.24,207.24,Barback,Dublin
2023-05-18,10.00,283.00,0.00,12.00,62.40,345.40,Barback,Dublin
2023-05-19,10.00,356.00,0.00,10.50,54.60,410.60,Barback,Dublin
2023-05-25,10.00,470.00,0.00,12.30,63.96,533.96,Barback,Dublin
2023-05-26,10.00,456.00,0.00,11.00,57.20,513.20,Barback,Dublin
2023-05-28,10.00,580.00,0.00,12.50,65.00,645.00,Barback,Dublin
2023-05-29,10.00,462.00,0.00,9.00,46.80,508.80,Barback,Dublin
2023-06-01,10.00,355.00,0.00,11.50,59.80,414.80,Barback,Dublin
2023-06-02,10.00,300.00,0.00,10.50,54.60,354.60,Barback,Dublin
2023-06-08,10.00,315.00,0.00,12.00,62.40,377.40,Barback,Dublin
2023-06-10,10.00,496.00,0.00,12.00,62.40,558.40,Barback,Dublin
2023-06-11,10.00,242.00,0.00,8.50,44.20,286.20,Barback,Dublin
2023-06-15,10.00,445.00,0.00,12.30,63.96,508.96,Barback,Dublin
2023-06-16,10.00,344.00,0.00,8.50,44.20,388.20,Barback,Dublin
2023-06-17,10.00,843.00,0.00,13.00,67.60,910.60,Barback,Dublin
2023-06-22,10.00,392.00,0.00,11.80,61.36,453.36,Barback,Dublin
2023-06-25,10.00,272.00,0.00,8.40,43.68,315.68,Barback,Dublin
2023-06-29,10.00,495.00,0.00,11.80,61.36,556.36,Barback,Dublin
2023-07-01,10.00,451.00,0.00,12.10,62.92,513.92,Barback,Dublin
2023-07-02,10.00,253.00,0.00,11.00,57.20,310.20,Barback,Dublin
2023-07-03,10.00,324.00,0.00,7.80,40.56,364.56,Barback,Dublin
2023-07-04,10.00,275.00,0.00,8.80,45.76,320.76,Barback,Dublin
2023-07-06,10.00,312.00,0.00,11.50,59.80,371.80,Barback,Dublin
2023-07-08,10.00,633.00,0.00,11.50,59.80,692.80,Barback,Dublin
2023-07-09,10.00,117.00,0.00,8.30,43.16,160.16,Barback,Dublin
2023-07-13,10.00,468.00,0.00,12.40,64.48,532.48,Barback,Dublin
2023-07-14,10.00,230.00,0.00,10.20,53.04,283.04,Barback,Dublin
2023-07-15,10.00,368.00,0.00,12.50,65.00,433.00,Barback,Dublin
2023-07-20,10.00,434.00,0.00,12.00,62.40,496.40,Barback,Dublin
2023-07-21,10.00,231.00,0.00,10.60,55.12,286.12,Barback,Dublin
2023-07-23,10.00,163.00,0.00,8.50,44.20,207.20,Barback,Dublin
2023-07-27,10.00,405.00,0.00,12.00,62.40,467.40,Barback,Dublin
2023-07-28,10.00,202.00,0.00,7.60,39.52,241.52,Barback,Dublin
2023-07-29,10.00,231.00,0.00,10.50,54.60,285.60,Barback,Dublin
2023-07-30,10.00,192.00,0.00,8.50,44.20,236.20,Barback,Dublin
2023-08-03,10.00,395.00,0.00,11.60,60.32,455.32,Barback,Dublin
2023-08-05,10.00,421.00,0.00,10.80,56.16,477.16,Barback,Dublin
2023-08-06,10.00,366.00,0.00,9.70,50.44,416.44,Barback,Dublin
2023-08-10,10.00,109.00,0.00,7.30,37.96,146.96,Barback,Dublin
2023-08-11,10.00,379.00,0.00,10.50,54.60,433.60,Barback,Dublin
2023-08-12,10.00,325.00,0.00,8.50,44.20,369.20,Barback,Dublin
2023-08-17,10.00,442.00,0.00,12.00,62.40,504.40,Barback,Dublin
2023-08-19,10.00,337.00,0.00,10.80,56.16,393.16,Barback,Dublin
2023-08-20,10.00,177.00,0.00,9.00,46.80,223.80,Barback,Dublin
2023-08-23,10.00,219.00,0.00,7.50,39.00,258.00,Barback,Dublin
2023-08-24,10.00,404.00,0.00,11.50,59.80,463.80,Barback,Dublin
2023-08-25,10.00,294.00,0.00,9.70,50.44,344.44,Barback,Dublin
2023-08-26,10.00,341.00,0.00,10.00,52.00,393.00,Barback,Dublin
2023-08-27,10.00,209.00,0.00,8.80,45.76,254.76,Barback,Dublin
2023-08-31,10.00,274.00,0.00,11.50,59.80,333.80,Barback,Dublin
2023-09-02,10.00,342.00,0.00,11.00,57.20,399.20,Barback,Dublin
2023-09-03,10.00,881.00,0.00,8.50,44.20,925.20,Barback,Dublin
2023-09-04,10.00,205.00,0.00,9.00,46.80,251.80,Barback,Dublin
2023-09-22,10.00,92.00,0.00,7.50,39.00,131.00,Barback,Dublin
2023-09-30,10.00,143.00,0.00,8.00,41.60,184.60,Barback,Dublin
2023-10-01,10.00,246.00,0.00,9.50,49.40,295.40,Barback,Dublin
2023-10-06,10.00,429.00,0.00,8.30,43.16,472.16,Barback,Dublin
2023-10-08,10.00,146.00,0.00,6.00,31.20,177.20,Barback,Dublin
2024-04-26,10.65,500.00,0.00,8.00,83.50,583.50,Manging,Dublin
2024-04-27,10.65,180.00,0.00,7.00,77.54,257.54,Barback,Dublin
2024-04-28,10.65,455.00,0.00,6.00,66.46,521.46,Bartender,Dublin
2024-04-29,10.65,100.00,0.00,4.00,44.30,144.30,Managing,Dublin
2024-05-01,10.65,26.00,0.00,7.00,77.54,103.54,Bartender,Dublin
2024-05-02,10.65,167.00,0.00,12.00,132.92,299.92,Barback,Dublin
2024-05-03,10.65,74.00,0.00,7.50,83.08,157.08,Barback,Dublin
2024-05-07,10.65,248.00,0.00,8.50,94.14,342.14,Bartender,Dublin
2024-05-08,10.65,7.00,0.00,6.40,70.88,77.88,Bartender,Dublin
2024-05-09,10.65,32.00,0.00,8.00,88.60,120.60,Barback,Dublin
2024-05-12,10.65,59.00,0.00,5.00,55.38,114.38,Bartender,Dublin
2024-05-13,10.65,25.00,0.00,3.30,36.56,61.56,Barback,Dublin
2024-05-13,10.65,195.00,0.00,7.00,77.54,272.54,Bartender,Dublin
2024-05-16,10.65,20.00,0.00,6.50,72.00,92.00,Barback,Dublin
2024-05-16,10.65,20.00,0.00,3.00,33.22,53.22,Bartender,Dublin
2024-05-17,10.65,185.00,0.00,9.50,105.22,290.22,Barback,Dublin
2024-05-18,10.65,138.00,0.00,10.50,116.30,254.30,Barback,Dublin
2024-05-20,10.65,129.00,0.00,5.25,58.14,187.14,Bartender,Dublin
2024-05-20,10.65,100.00,0.00,2.50,27.70,127.70,Managing,Dublin
2024-05-23,10.65,337.00,0.00,12.75,141.22,478.22,Barback,Dublin
2024-05-24,10.65,358.00,0.00,12.25,135.68,493.68,Barback,Dublin
2024-05-25,10.65,512.00,0.00,14.50,160.60,672.60,Barback,Dublin
2024-05-26,10.65,747.00,0.00,11.00,121.84,868.84,Bartender,Dublin
2024-05-26,10.65,300.00,0.00,1.00,11.08,311.08,Managing,Dublin
2024-05-27,10.65,33.00,0.00,3.50,38.76,71.76,Bartender,Dublin
2024-05-28,10.65,0.00,0.00,1.48,16.40,16.40,Managing,Dublin
2024-05-29,10.65,224.00,0.00,6.50,72.00,296.00,Bartender,Dublin
2024-05-30,10.65,178.00,0.00,13.00,143.98,321.98,Barback,Dublin
2024-06-01,10.65,529.00,0.00,12.50,138.46,667.46,Barback,Dublin
2024-06-02,10.65,247.00,0.00,5.17,57.26,304.26,Bartender,Dublin
2024-06-03,10.65,100.00,0.00,3.30,36.56,136.56,Managing,Dublin
2024-06-04,10.65,81.00,0.00,6.50,72.00,153.00,Bartender,Dublin
2024-06-05,10.65,198.00,0.00,6.00,66.46,264.46,Bartender,Dublin
2024-06-06,10.65,224.00,0.00,11.75,130.14,354.14,Barback,Dublin
2024-06-08,10.65,540.00,0.00,12.60,139.56,679.56,Barback,Dublin
2024-06-09,10.65,220.00,0.00,5.50,60.92,280.92,Bartender,Dublin
2024-06-10,10.65,100.00,0.00,3.00,33.22,133.22,Managing,Dublin
2024-06-11,10.65,131.00,0.00,6.50,72.00,203.00,Bartender,Dublin
2024-06-12,10.65,135.00,0.00,4.35,48.18,183.18,Bartender,Dublin
2024-06-12,10.65,386.00,0.00,1.00,11.08,397.08,Managing,Dublin
2024-06-13,10.65,355.00,0.00,11.82,130.92,485.92,Barback,Dublin
2024-06-15,10.65,724.00,0.00,16.00,177.22,901.22,Barback,Dublin
2024-06-16,10.65,38.00,0.00,1.67,18.50,56.50,Bartender,Dublin
2024-06-16,10.65,483.00,0.00,1.00,11.08,494.08,Managing,Dublin
2024-06-17,10.65,100.00,0.00,4.25,47.08,147.08,Managing,Dublin
2024-06-18,10.65,393.00,0.00,7.42,82.18,475.18,Bartender,Dublin
2024-06-19,10.65,245.00,0.00,5.42,60.04,305.04,Bartender,Dublin
2024-06-20,10.65,383.00,0.00,13.00,143.98,526.98,Barback,Dublin
2024-06-21,10.65,243.00,0.00,8.00,88.60,331.60,Barback,Dublin
2024-06-22,10.65,530.00,0.00,12.20,135.12,665.12,Barback,Dublin
2024-06-23,10.65,252.00,0.00,6.00,66.46,318.46,Bartender,Dublin
2024-06-24,10.65,100.00,0.00,1.00,11.08,111.08,Managing,Dublin
2024-06-25,10.65,655.00,0.00,5.50,60.92,715.92,Bartender,Dublin
2024-06-26,10.65,500.00,0.00,10.00,110.76,610.76,Bartender,Dublin
2024-06-27,10.65,425.00,0.00,12.08,133.80,558.80,Barback,Dublin
2024-06-29,10.65,353.00,0.00,12.07,133.68,486.68,Barback,Dublin
2024-06-30,10.65,100.00,0.00,3.00,33.22,133.22,Managing,Dublin
2024-07-01,10.65,100.00,0.00,6.00,66.46,166.46,Managing,Dublin
2024-07-03,10.65,237.00,0.00,5.67,62.80,299.80,Bartender,Dublin
2024-07-04,10.65,394.00,0.00,13.18,145.98,539.98,Barback,Dublin
2024-07-06,10.65,428.00,0.00,12.08,133.80,561.80,Barback,Dublin
2024-07-07,10.65,170.00,0.00,6.17,68.34,238.34,Bartender,Dublin
2024-07-08,10.65,100.00,0.00,2.60,28.80,128.80,Managing,Dublin
2024-07-10,10.65,133.00,0.00,4.92,54.50,187.50,Bartender,Dublin
2024-07-11,10.65,424.00,0.00,12.17,134.80,558.80,Barback,Dublin
2024-07-13,10.65,396.00,0.00,11.70,129.58,525.58,Barback,Dublin
2024-07-14,10.65,145.00,0.00,5.92,65.56,210.56,Bartender,Dublin
2024-07-15,10.65,100.00,0.00,3.63,40.20,140.20,Managing,Dublin
2024-07-18,10.65,284.00,0.00,11.88,131.58,415.58,Barback,Dublin
2024-07-20,10.65,314.00,0.00,11.78,130.48,444.48,Barback,Dublin
2024-07-21,10.65,235.00,0.00,5.97,66.12,301.12,Bartender,Dublin
2024-07-22,10.65,100.00,0.00,2.78,30.80,130.80,Managing,Dublin
2024-07-24,10.65,162.00,0.00,5.92,65.56,227.56,Bartender,Dublin
2024-07-25,10.65,360.00,0.00,12.50,138.46,498.46,Barback,Dublin
2024-07-26,10.65,270.00,0.00,10.85,120.18,390.18,Barback,Dublin
2024-07-27,10.65,324.00,0.00,11.67,129.26,453.26,Barback,Dublin
2024-07-28,10.65,105.00,0.00,3.25,36.00,141.00,Bartender,Dublin
2024-07-29,10.65,100.00,0.00,2.53,28.02,128.02,Managing,Dublin
2024-07-30,10.65,80.00,0.00,7.73,85.62,165.62,Barback,Dublin
2024-07-31,10.65,100.00,0.00,1.83,20.26,120.26,Bartender,Dublin
2024-08-01,10.65,264.00,0.00,11.62,128.70,392.70,Barback,Dublin
2024-08-03,10.65,240.00,0.00,9.72,107.66,347.66,Barback,Dublin
2024-08-04,10.65,151.00,0.00,4.67,51.72,202.72,Bartender,Dublin
2024-08-05,10.65,100.00,0.00,2.48,27.46,127.46,Managing,Dublin
2024-08-08,10.65,93.00,0.00,8.92,98.80,191.80,Barback,Dublin
2024-08-10,10.65,377.00,0.00,11.42,126.48,503.48,Barback,Dublin
2024-08-11,10.65,241.00,0.00,4.30,47.62,288.62,Bartender,Dublin
2024-08-12,10.65,100.00,0.00,2.00,22.16,122.16,Managing,Dublin
2024-08-13,10.65,192.00,0.00,5.08,56.26,248.26,Bartender,Dublin
2024-08-14,10.65,252.00,0.00,5.32,58.92,310.92,Bartender,Dublin
2024-08-15,10.65,316.00,0.00,12.07,133.68,449.68,Barback,Dublin
2024-08-16,10.65,394.00,0.00,7.08,78.42,472.42,Bartender,Dublin
2024-08-17,10.65,255.00,0.00,10.72,118.74,373.74,Barback,Dublin
2024-08-19,10.65,100.00,0.00,1.72,19.06,119.06,Managing,Dublin
2024-08-20,10.65,63.00,0.00,4.92,54.50,117.50,Bartender,Dublin
2024-08-21,10.65,170.00,0.00,5.42,60.04,230.04,Bartender,Dublin
2024-08-22,10.65,155.00,0.00,11.77,130.36,285.36,Barback,Dublin
2024-08-24,10.65,494.00,0.00,13.80,152.84,646.84,Barback,Dublin
2024-08-25,10.65,184.00,0.00,5.08,56.26,240.26,Bartender,Dublin
2024-08-26,10.65,100.00,0.00,2.57,28.46,128.46,Managing,Dublin
2024-08-27,10.65,210.00,0.00,5.43,60.14,270.14,Bartender,Dublin
2024-08-28,10.65,196.00,0.00,5.32,58.92,254.92,Bartender,Dublin
2024-08-29,10.65,165.00,0.00,11.33,125.50,290.50,Barback,Dublin
2024-08-30,10.65,522.00,0.00,11.33,125.50,647.50,Barback,Dublin
2024-08-31,10.65,238.00,0.00,10.93,121.06,359.06,Barback,Dublin
2024-09-01,10.65,620.00,0.00,14.25,157.84,777.84,Barback,Dublin
2024-09-02,10.65,348.00,0.00,9.42,104.34,452.34,Barback,Dublin
2024-09-03,10.65,4.00,0.00,6.17,68.34,72.34,Bartender,Dublin
2024-09-03,10.65,100.00,0.00,2.00,22.16,122.16,Managing,Dublin
2024-09-04,10.65,28.00,0.00,6.17,68.34,96.34,Bartender,Dublin
2024-09-05,10.65,17.00,0.00,7.65,84.74,101.74,Barback,Dublin
2024-09-06,10.65,240.00,0.00,8.72,96.58,336.58,Barback,Dublin
2024-09-07,10.65,170.00,0.00,9.85,109.10,279.10,Barback,Dublin
2024-09-09,10.65,193.00,0.00,4.92,54.50,247.50,Bartender,Dublin
2024-09-09,10.65,120.00,0.00,2.82,31.24,151.24,Managing,Dublin
2024-09-10,10.65,100.00,0.00,3.50,38.76,138.76,Bartender,Dublin
2024-09-11,10.65,168.00,0.00,4.47,49.50,217.50,Bartender,Dublin
2024-09-12,10.65,42.00,0.00,7.75,85.84,127.84,Barback,Dublin
2024-09-13,10.65,294.00,0.00,9.05,100.24,394.24,Barback,Dublin
2024-09-14,10.65,71.00,0.00,4.57,50.62,121.62,Barback,Dublin
2024-09-15,10.65,54.00,0.00,3.67,40.64,94.64,Bartender,Dublin
2024-09-16,10.65,100.00,0.00,1.20,13.30,113.30,Managing,Dublin
2024-09-18,10.65,120.00,0.00,4.13,45.74,165.74,Bartender,Dublin
2024-09-20,10.65,632.00,0.00,10.42,115.42,747.42,Barback,Dublin
2024-09-21,10.65,547.00,0.00,9.53,105.56,652.56,Barback,Dublin
2024-09-22,10.65,253.00,0.00,7.18,79.52,332.52,Barback,Dublin
2024-09-23,10.65,100.00,0.00,1.00,11.08,111.08,Managing,Dublin
2024-09-27,10.65,357.00,0.00,9.45,104.66,461.66,Barback,Dublin
2024-09-30,10.65,287.00,0.00,9.50,105.22,392.22,Bartender,Dublin
2024-09-30,10.65,100.00,0.00,1.00,11.08,111.08,Managing,Dublin
2024-10-04,10.65,22.00,0.00,3.23,35.78,57.78,Barback,Dublin
2024-10-04,10.65,40.00,0.00,2.75,30.46,70.46,Bartender,Dublin
2024-10-05,10.65,11.00,0.00,5.92,65.56,76.56,Barback,Dublin
2024-10-06,10.65,107.00,0.00,4.08,45.20,152.20,Bartender,Dublin
2024-10-07,10.65,100.00,0.00,1.00,11.08,111.08,Managing,Dublin
2024-10-12,10.65,598.00,0.00,14.67,162.48,760.48,Barback,Dublin
2024-10-13,10.65,256.00,0.00,6.03,66.78,322.78,Bartender,Dublin
2024-12-25,10.65,1000.00,0.00,1.00,5.54,1005.54,Managing,Dublin
